行业代码,行业名称,成分股数量,成分股
URFI881271,IT服务,129,"USZA000034,USZA000158,USZA000409,USZA000555,USZA000938,USZA002065,USZA002195,USZA002197,USZA002229,USZA002232,USZA002331,USZA002368,USZA002373,USZA002380,USZA002401,USZA002421,USZA002474,USZA002609,USZA002642,USZA002649,USZA002657,USZA002771,USZA002777,USZA002908,USZA003005,USZA300017,USZA300020,USZA300044,USZA300078,USZA300079,USZA300150,USZA300166,USZA300167,USZA300168,USZA300170,USZA300212,USZA300231,USZA300245,USZA300248,USZA300250,USZA300264,USZA300287,USZA300288,USZA300290,USZA300300,USZA300339,USZA300399,USZA300419,USZA300440,USZA300448,USZA300496,USZA300523,USZA300532,USZA300536,USZA300541,USZA300609,USZA300634,USZA300674,USZA300678,USZA300682,USZA300687,USZA300746,USZA300872,USZA301085,USZA301172,USZA301178,USZA301208,USZA301218,USZA301236,USZA301248,USZA301316,USZA301396,USZA301556,USZA301638,USHA600131,USHA600271,USHA600410,USHA600446,USHT600476,USHA600536,USHA600589,USHA600666,USHA600718,USHA600728,USHT600734,USHA600756,USHA600797,USHA600845,USHA600850,USHA600936,USHA603171,USHA603322,USHA603629,USHA603636,USHA603859,USHT603869,USHA603918,USHA605398,USHA688004,USHA688039,USHA688051,USHA688088,USHA688158,USHA688191,USHA688207,USHA688227,USHA688228,USHA688229,USHA688258,USHA688316,USHA688327,USHA688343,USHA688365,USHA688500,USHA688509,USHA688568,USHA688787,USTM920092,USTM920116,USTM920130,USTM920171,USTM920184,USTM920227,USTM920493,USTM920564,USTM920748,USTM920790,USTM920806,USTM920953"
URFI881273,白酒,19,"USZA000568,USZA000596,USZA000799,USZA000858,USZA000860,USZA000995,USZA002304,USZA002646,USHA600197,USHA600199,USHA600519,USHA600559,USHA600702,USHA600779,USHA600809,USHA603198,USHA603369,USHA603589,USHA603919"
URFI881131,白色家电,44,"USZA000016,USZA000333,USZA000404,USZA000521,USZA000651,USZA000921,USZA001268,USZA001387,USZA002011,USZA002050,USZA002290,USZA002402,USZA002418,USZA002668,USZA002676,USZA002860,USZA300160,USZA300217,USZA300279,USZA300342,USZA300403,USZA301008,USZA301135,USZA301280,USHA600336,USHA600619,USHA600690,USHA600854,USHA600983,USHA601956,USHA603075,USHA603112,USHA603150,USHA603311,USHA603519,USHA603578,USHA603657,USHA603677,USHA603726,USTM920108,USTM920124,USTM920699,USTM920718,USTM920768"
URFI881121,半导体,189,"USZA001309,USZA002049,USZA002077,USZA002119,USZA002151,USZA002156,USZA002185,USZA002213,USZA002371,USZA002409,USZA003026,USZA003043,USZA300046,USZA300053,USZA300077,USZA300223,USZA300327,USZA300373,USZA300456,USZA300458,USZA300604,USZA300613,USZA300623,USZA300661,USZA300666,USZA300671,USZA300672,USZA300706,USZA300782,USZA300831,USZA301297,USZA301308,USZA301348,USZA301369,USZA301536,USZA301583,USZA301611,USZA301629,USZA301666,USZA301678,USZA301717,USHA600171,USHA600198,USHA600206,USHA600360,USHA600460,USHA600584,USHA600641,USHT600745,USHA600877,USHA603005,USHA603061,USHA603068,USHA603160,USHA603290,USHA603316,USHA603375,USHA603501,USHA603690,USHA603893,USHA603986,USHA603991,USHA605111,USHA605358,USHA688002,USHA688008,USHA688012,USHA688018,USHA688037,USHA688041,USHA688045,USHA688047,USHA688048,USHA688049,USHA688052,USHA688061,USHA688072,USHA688082,USHA688099,USHA688107,USHA688110,USHA688120,USHA688123,USHA688126,USHA688130,USHA688135,USHA688138,USHA688141,USHA688147,USHA688153,USHA688167,USHA688172,USHA688173,USHA688200,USHA688209,USHA688213,USHA688216,USHA688220,USHA688230,USHA688233,USHA688234,USHA688249,USHA688252,USHA688256,USHA688259,USHA688261,USHA688262,USHT688270,USHA688279,USHA688286,USHA688325,USHA688328,USHA688332,USHA688347,USHA688352,USHA688361,USHA688362,USHA688368,USHA688372,USHA688380,USHA688381,USHA688385,USHA688391,USHA688396,USHA688401,USHA688403,USHA688409,USHA688416,USHA688432,USHA688449,USHA688458,USHA688469,USHA688478,USHA688484,USHA688486,USHA688498,USHA688508,USHA688512,USHA688515,USHA688521,USHA688525,USHA688530,USHA688535,USHA688536,USHA688582,USHA688584,USHA688589,USHA688591,USHA688593,USHA688595,USHA688601,USHA688605,USHA688608,USHA688620,USHA688652,USHA688653,USHA688661,USHA688689,USHA688691,USHA688693,USHA688699,USHA688702,USHA688709,USHA688711,USHA688720,USHA688721,USHA688727,USHA688728,USHA688729,USHA688766,USHA688783,USHA688785,USHA688790,USHA688795,USHA688797,USHA688798,USHA688801,USHA688802,USHA688807,USHA688809,USHA688820,USHA688825,USHA688981,USTM920012,USTM920138,USTM920139,USTM920179,USTM920186,USTM920526"
URFI881138,包装印刷,46,"USZA000659,USZA000812,USZA001279,USZA002014,USZA002117,USZA002191,USZA002228,USZA002303,USZA002374,USZA002565,USZA002599,USZA002701,USZA002735,USZA002752,USZA002787,USZA002799,USZA002831,USZA002836,USZA002846,USZA002969,USZA003003,USZA003018,USZA300260,USZA300501,USZA300883,USZA301062,USZA301198,USZA301223,USZA301296,USZA301355,USHA600076,USHA600210,USHA601515,USHA601968,USHA603022,USHA603058,USHT603429,USHA603499,USHA603607,USHA603687,USTM920075,USTM920121,USTM920163,USTM920204,USTM920274,USTM920392"
URFI881156,保险,5,"USHA601318,USHA601319,USHA601336,USHA601601,USHA601628"
URFI881174,厨卫电器,9,"USZA002035,USZA002508,USZA002543,USZA002677,USZA300894,USZA300911,USHA603366,USHA603551,USHT605336"
URFI881101,种植业与林业,29,"USZA000592,USZA000663,USZA000713,USZA000998,USZA002041,USZA002215,USZA002556,USZA002679,USZA002772,USZA300021,USZA300087,USZA300189,USZA300511,USZA300970,USHA600108,USHT600265,USHA600313,USHA600354,USHA600359,USHA600371,USHA600540,USHA600598,USHA600883,USHA601118,USHA601952,USHA601996,USTM920087,USTM920403,USTM920964"
URFI881281,电池,107,"USZA000009,USZA000049,USZA000695,USZA001283,USZA001301,USZA002058,USZA002074,USZA002125,USZA002245,USZA002340,USZA002580,USZA002709,USZA002733,USZA002759,USZA002805,USZA002812,USZA002850,USZA300014,USZA300035,USZA300037,USZA300068,USZA300073,USZA300173,USZA300207,USZA300340,USZA300390,USZA300409,USZA300410,USZA300438,USZA300450,USZA300457,USZA300530,USZA300568,USZA300619,USZA300648,USZA300750,USZA300769,USZA300890,USZA300919,USZA300953,USZA301121,USZA301150,USZA301152,USZA301210,USZA301217,USZA301222,USZA301238,USZA301292,USZA301325,USZA301327,USZA301349,USZA301358,USZA301487,USZA301511,USZA301513,USZA301587,USZA301599,USZA301662,USHA600110,USHA600152,USHA600241,USHA600478,USHA600847,USHA600884,USHA601311,USHA603026,USHA603031,USHA603032,USHA603659,USHA603906,USHA605378,USHA688005,USHA688006,USHA688063,USHA688116,USHA688148,USHA688155,USHT688184,USHA688275,USHA688339,USHA688345,USHA688353,USHA688388,USHA688392,USHA688499,USHA688567,USHA688573,USHA688638,USHA688707,USHA688733,USHA688772,USHA688778,USHA688779,USHA688819,USTM920117,USTM920119,USTM920185,USTM920193,USTM920237,USTM920239,USTM920252,USTM920289,USTM920522,USTM920523,USTM920627,USTM920779,USTM920809"
URFI881277,电机,26,"USZA000922,USZA002176,USZA002196,USZA002249,USZA002576,USZA002801,USZA002823,USZA002892,USZA003021,USZA300626,USZA300660,USZA300907,USZA301023,USZA301502,USHA600416,USHA600580,USHA603320,USHA603344,USHA603350,USHA603370,USHA603489,USHA603728,USHA603819,USHA603988,USTM920011,USTM920100"
URFI881145,电力,110,"USZA000027,USZA000037,USZA000155,USZA000531,USZA000537,USZA000539,USZA000543,USZA000591,USZA000595,USZA000600,USZA000601,USZA000631,USZA000690,USZA000692,USZA000722,USZA000767,USZA000791,USZA000862,USZA000875,USZA000883,USZA000899,USZA000958,USZA000966,USZA000993,USZA001210,USZA001248,USZA001258,USZA001286,USZA001289,USZA001376,USZA001896,USZA002015,USZA002039,USZA002053,USZA002218,USZA002256,USZA002310,USZA002479,USZA002480,USZA002608,USZA002616,USZA002617,USZA002893,USZA003035,USZA003816,USZA300040,USZA300125,USZA300317,USZA300335,USHA600011,USHA600021,USHA600023,USHA600025,USHA600027,USHA600032,USHA600052,USHA600098,USHA600101,USHA600116,USHA600149,USHA600157,USHA600163,USHA600167,USHA600173,USHA600226,USHA600236,USHA600292,USHA600310,USHA600396,USHA600452,USHA600475,USHA600483,USHA600505,USHA600509,USHA600575,USHA600578,USHA600642,USHA600644,USHA600674,USHA600719,USHA600744,USHA600780,USHA600795,USHA600821,USHA600863,USHA600868,USHA600886,USHA600900,USHA600905,USHA600930,USHA600956,USHA600969,USHA600979,USHA600982,USHA600995,USHA601016,USHA601619,USHA601778,USHA601908,USHA601985,USHA601991,USHA603071,USHA603105,USHA603693,USHA605011,USHA605028,USHA605162,USHA605580,USHA688248,USTM920770"
URFI881278,电网设备,140,"USZA000400,USZA000533,USZA000682,USZA000720,USZA001208,USZA001382,USZA001388,USZA001393,USZA002028,USZA002090,USZA002112,USZA002121,USZA002169,USZA002270,USZA002276,USZA002298,USZA002300,USZA002309,USZA002339,USZA002346,USZA002350,USZA002358,USZA002441,USZA002451,USZA002452,USZA002471,USZA002498,USZA002533,USZA002546,USZA002560,USZA002606,USZA002692,USZA002706,USZA002857,USZA002879,USZA002882,USZA002927,USZA002953,USZA002980,USZA300001,USZA300018,USZA300062,USZA300069,USZA300141,USZA300222,USZA300265,USZA300283,USZA300286,USZA300360,USZA300407,USZA300423,USZA300427,USZA300444,USZA300477,USZA300510,USZA300514,USZA300617,USZA300670,USZA300880,USZA300882,USZA300932,USZA300933,USZA301012,USZA301082,USZA301120,USZA301179,USZA301291,USZA301295,USZA301361,USZA301386,USZA301388,USZA301439,USZA301609,USZA301668,USHA600067,USHA600192,USHA600268,USHA600312,USHA600379,USHA600406,USHA600468,USHA600525,USHA600550,USHA600577,USHA600768,USHA600869,USHA600885,USHA600973,USHA601096,USHA601126,USHA601179,USHA601222,USHA601567,USHA601616,USHA601700,USHA601877,USHA603016,USHA603045,USHA603050,USHA603070,USHA603097,USHA603191,USHA603312,USHA603333,USHA603530,USHA603556,USHA603577,USHA603606,USHA603618,USHA603829,USHA603861,USHA603897,USHA605066,USHA605196,USHA605222,USHA688226,USHA688330,USHA688450,USHA688517,USHA688597,USHA688611,USHA688616,USHA688663,USHA688676,USHA688681,USTM920018,USTM920029,USTM920037,USTM920046,USTM920062,USTM920111,USTM920118,USTM920222,USTM920299,USTM920375,USTM920496,USTM920508,USTM920556,USTM920639,USTM920682"
URFI881172,电子化学品,43,"USZA002584,USZA002643,USZA002741,USZA300054,USZA300236,USZA300285,USZA300346,USZA300398,USZA300429,USZA300481,USZA300537,USZA300576,USZA300655,USZA300684,USZA301319,USZA301489,USZA301630,USHA600330,USHA603002,USHA603078,USHA603115,USHA603256,USHA603435,USHA603931,USHA688019,USHA688020,USHA688035,USHA688106,USHA688146,USHA688150,USHA688268,USHA688359,USHA688371,USHA688378,USHA688545,USHA688548,USHA688549,USHA688550,USHA688603,USHA688683,USTM920161,USTM920189,USTM920402"
URFI881283,多元金融,26,"USZA000415,USZA000532,USZA000563,USZA000567,USZA000617,USZA000935,USZA000987,USZA001236,USZA002423,USZA002647,USZA002961,USZA300773,USHT600053,USHA600120,USHA600318,USHA600390,USHA600517,USHA600643,USHA600783,USHA600816,USHA600830,USHA600901,USHA600927,USHA603093,USHA603123,USHA603300"
URFI881180,石油加工贸易,27,"USZA000059,USZA000096,USZA000301,USZA000554,USZA000637,USZA000698,USZA000819,USZA000985,USZA001316,USZA002221,USZA002377,USZA002408,USZA002476,USZA002493,USZA002986,USZA300055,USZA300135,USZA300839,USHA600028,USHA600346,USHA600506,USHA600688,USHA600800,USHA601857,USHA603223,USHA603353,USHA603798"
URFI881153,房地产,88,"USZA000002,USZA000006,USZA000011,USZA000014,USZA000029,USZA000031,USZA000036,USZA000042,USZA000090,USZA000402,USZA000514,USZA000517,USZA000560,USZA000573,USZA000608,USZA000609,USZA000620,USZA000656,USZA000668,USZA000718,USZA000736,USZA000797,USZA000838,USZA000863,USZA000897,USZA000909,USZA000926,USZA000965,USZA001914,USZA001979,USZA002016,USZA002133,USZA002146,USZA002188,USZA002208,USZA002244,USZA002285,USZA002314,USZA002822,USZA002968,USZA300917,USHA600007,USHA600048,USHA600064,USHT600082,USHA600094,USHT600136,USHA600159,USHA600208,USHA600246,USHA600266,USHA600322,USHA600325,USHT600340,USHA600376,USHA600383,USHA600463,USHA600503,USHA600510,USHA600533,USHA600604,USHA600606,USHA600622,USHA600638,USHA600639,USHA600648,USHA600649,USHA600657,USHA600658,USHA600663,USHA600665,USHA600675,USHA600683,USHA600684,USHA600692,USHA600708,USHA600716,USHA600724,USHA600736,USHA600743,USHA600748,USHA600773,USHA600791,USHA600848,USHA600895,USHA601155,USHA601512,USHA603506"
URFI881135,纺织制造,33,"USZA000726,USZA000850,USZA000955,USZA001312,USZA001390,USZA002003,USZA002042,USZA002083,USZA002098,USZA002144,USZA002394,USZA002674,USZA300819,USZA300877,USZA300918,USZA300979,USZA301066,USHA600156,USHA600232,USHA600448,USHA600493,USHA600987,USHA601339,USHA601599,USHA603055,USHA603073,USHA603130,USHA603238,USHA603889,USHA605055,USHA605180,USHA605189,USTM920527"
URFI881167,非金属材料,17,"USZA000833,USZA001296,USZA001359,USZA301071,USZA301595,USHA603612,USHA603663,USHA603688,USHA603826,USHA605086,USHA688300,USHA688598,USTM920083,USTM920175,USTM920675,USTM920719,USTM920971"
URFI881280,风电设备,32,"USZA000809,USZA002202,USZA002487,USZA002531,USZA300129,USZA300185,USZA300443,USZA300569,USZA300690,USZA300772,USZA300850,USZA300904,USZA301040,USZA301155,USZA301163,USZA301232,USZA301456,USZA301557,USZA301699,USHA600072,USHA601218,USHA601615,USHA603063,USHA603092,USHA603218,USHA603248,USHA603507,USHA603985,USHA688186,USHA688349,USHA688660,USTM920200"
URFI881136,服装家纺,75,"USZA000017,USZA000026,USZA001209,USZA001234,USZA002029,USZA002154,USZA002193,USZA002269,USZA002293,USZA002327,USZA002345,USZA002397,USZA002404,USZA002486,USZA002494,USZA002563,USZA002569,USZA002574,USZA002634,USZA002656,USZA002687,USZA002721,USZA002731,USZA002762,USZA002763,USZA002780,USZA002832,USZA002867,USZA002875,USZA003016,USZA003041,USZA300005,USZA300577,USZA300591,USZA300840,USZA300901,USZA300945,USZA300952,USZA301088,USZA301177,USZA301276,USHT600107,USHA600137,USHA600177,USHA600398,USHA600400,USHT600439,USHA600612,USHA600630,USHT600735,USHA600916,USHA601566,USHT601718,USHA603001,USHA603116,USHA603196,USHA603307,USHA603365,USHA603511,USHA603518,USHT603557,USHA603558,USHA603587,USHA603608,USHA603665,USHA603808,USHA603839,USHA603877,USHA603900,USHA603908,USHA603958,USHA605003,USHA605138,USHA605599,USTM920262"
URFI881112,钢铁,44,"USZA000629,USZA000655,USZA000708,USZA000709,USZA000717,USZA000761,USZA000778,USZA000825,USZA000898,USZA000923,USZA000932,USZA000959,USZA001203,USZA002075,USZA002110,USZA002318,USZA002443,USZA002478,USZA300881,USHA600010,USHA600019,USHA600022,USHA600117,USHA600126,USHA600231,USHA600282,USHA600295,USHA600307,USHA600382,USHA600399,USHA600507,USHA600516,USHA600569,USHT600581,USHA600782,USHA600808,USHA601003,USHA601005,USHA601121,USHA601123,USHA601686,USHA601969,USHA603878,USHA603995"
URFI881148,港口航运,36,"USZA000088,USZA000507,USZA000520,USZA000582,USZA000905,USZA001205,USZA001872,USZA002040,USZA002320,USHA600017,USHA600018,USHA600026,USHA600179,USHA600279,USHA600428,USHA600717,USHA600751,USHA600798,USHA601000,USHA601008,USHA601018,USHA601022,USHA601083,USHA601228,USHA601298,USHA601326,USHA601866,USHA601872,USHA601880,USHA601919,USHA601975,USHA603162,USHA603167,USHA603209,USHA603565,USTM920571"
URFI881268,工程机械,36,"USZA000157,USZA000425,USZA000528,USZA000680,USZA001226,USZA001239,USZA002097,USZA002685,USZA300201,USZA301079,USZA301161,USZA301279,USZA301446,USHA600031,USHA600761,USHA600815,USHA600984,USHA601100,USHA603194,USHA603273,USHA603280,USHA603298,USHA603338,USHA603611,USHA603638,USHA605305,USHA605389,USHA688425,USTM920002,USTM920101,USTM920174,USTM920245,USTM920599,USTM920706,USTM920839,USTM920942"
URFI881168,工业金属,55,"USZA000060,USZA000603,USZA000612,USZA000630,USZA000737,USZA000751,USZA000758,USZA000807,USZA000816,USZA000878,USZA000933,USZA002114,USZA002160,USZA002171,USZA002203,USZA002295,USZA002379,USZA002501,USZA002532,USZA002540,USZA002578,USZA002824,USZA002988,USZA002996,USZA003038,USZA300057,USZA300337,USZA300697,USHA600219,USHA600338,USHA600361,USHA600362,USHA600490,USHA600497,USHA600531,USHA600595,USHA600711,USHA600888,USHA601020,USHA601168,USHA601212,USHA601388,USHA601600,USHA601609,USHA601677,USHA601702,USHA603132,USHA603271,USHA603527,USHA603876,USHA603937,USHA603979,USHA603993,USHA605208,USTM920634"
URFI881149,公路铁路运输,32,"USZA000429,USZA000548,USZA000557,USZA000755,USZA000828,USZA000886,USZA000900,USZA001213,USZA001965,USZA002357,USHA600012,USHA600020,USHA600033,USHA600035,USHA600106,USHA600125,USHA600269,USHA600350,USHA600368,USHA600377,USHA600548,USHA600561,USHA600611,USHA600650,USHA600834,USHA601006,USHA601107,USHA601188,USHA601333,USHA601518,USHA601816,USHA603069"
URFI881279,光伏设备,73,"USZA000159,USZA000821,USZA001269,USZA002056,USZA002079,USZA002129,USZA002150,USZA002459,USZA002506,USZA002513,USZA002623,USZA002865,USZA003022,USZA300051,USZA300080,USZA300093,USZA300118,USZA300274,USZA300316,USZA300345,USZA300393,USZA300716,USZA300724,USZA300751,USZA300763,USZA300776,USZA300827,USZA300842,USZA301168,USZA301266,USZA301278,USZA301636,USZA301658,USZA301697,USHA600207,USHA600438,USHA600481,USHT600537,USHA600732,USHA600876,USHA601012,USHA601865,USHA603185,USHA603212,USHA603381,USHA603396,USHT603398,USHA603628,USHA603778,USHA603806,USHA605117,USHA688032,USHT688033,USHA688223,USHA688303,USHA688348,USHA688390,USHA688408,USHA688429,USHA688472,USHA688503,USHA688516,USHA688556,USHA688560,USHA688599,USHA688680,USHA688717,USHA688726,USTM920007,USTM920167,USTM920368,USTM920414,USTM920985"
URFI881122,光学光电子,107,"USZA000020,USZA000045,USZA000050,USZA000100,USZA000509,USZA000536,USZA000541,USZA000725,USZA000727,USZA001308,USZA001326,USZA001373,USZA001399,USZA002036,USZA002076,USZA002106,USZA002137,USZA002217,USZA002222,USZA002273,USZA002387,USZA002449,USZA002456,USZA002587,USZA002638,USZA002654,USZA002723,USZA002724,USZA002745,USZA002845,USZA002876,USZA002952,USZA002955,USZA002962,USZA002983,USZA002992,USZA003015,USZA003019,USZA300076,USZA300088,USZA300102,USZA300120,USZA300162,USZA300219,USZA300232,USZA300241,USZA300269,USZA300296,USZA300301,USZA300303,USZA300323,USZA300331,USZA300389,USZA300489,USZA300545,USZA300566,USZA300582,USZA300625,USZA300632,USZA300701,USZA300708,USZA300752,USZA300808,USZA300889,USZA300909,USZA300939,USZA300940,USZA301002,USZA301045,USZA301106,USZA301183,USZA301321,USZA301362,USZA301379,USZA301421,USZA301479,USHA600071,USHA600261,USHA600552,USHA600703,USHA600707,USHA603297,USHA603303,USHA603515,USHA603679,USHA603685,USHA603703,USHA603773,USHA605218,USHA605365,USHA605588,USHA688010,USHA688055,USHA688079,USHA688127,USHA688181,USHA688195,USHA688299,USHA688307,USHA688322,USHT688496,USHA688502,USHA688538,USHA688781,USTM920001,USTM920339,USTM920438"
URFI881269,轨交设备,30,"USZA000008,USZA000925,USZA001324,USZA002972,USZA300011,USZA300351,USZA300594,USZA300851,USZA300906,USZA300923,USZA300960,USZA301016,USZA301048,USHA600495,USHA600528,USHA601766,USHA603111,USHA603500,USHA603680,USHA605001,USHA605298,USHA688009,USHA688015,USHA688187,USHA688285,USHA688367,USHA688459,USHA688569,USTM920027,USTM920541"
URFI881169,贵金属,14,"USZA000426,USZA000506,USZA000975,USZA001337,USZA002155,USZA002237,USZA002716,USZA300139,USHA600489,USHA600547,USHA600961,USHA600988,USHA601069,USHA601899"
URFI881139,家居用品,98,"USZA000910,USZA001211,USZA001216,USZA001221,USZA001222,USZA001238,USZA001300,USZA001322,USZA001323,USZA001356,USZA001368,USZA001386,USZA002084,USZA002094,USZA002103,USZA002162,USZA002301,USZA002348,USZA002489,USZA002571,USZA002572,USZA002615,USZA002631,USZA002678,USZA002790,USZA002798,USZA002853,USZA002862,USZA002899,USZA002918,USZA003011,USZA003012,USZA300163,USZA300329,USZA300616,USZA300640,USZA300651,USZA300703,USZA300729,USZA300749,USZA300993,USZA301004,USZA301011,USZA301055,USZA301061,USZA301101,USZA301113,USZA301193,USZA301227,USZA301287,USZA301335,USZA301336,USZA301356,USZA301376,USZA301501,USZA301575,USHT600337,USHA600499,USHT603008,USHT603021,USHA603091,USHA603180,USHA603195,USHA603208,USHA603216,USHA603221,USHA603226,USHT603272,USHA603313,USHA603326,USHA603385,USHA603389,USHA603408,USHA603600,USHA603610,USHA603615,USHA603661,USHA603709,USHA603725,USHA603801,USHA603816,USHA603818,USHA603833,USHT603838,USHA603848,USHA603898,USHA603899,USHA603992,USHA605080,USHA605099,USHA605155,USHA605268,USHA605299,USHA688087,USTM920132,USTM920218,USTM920445,USTM920765"
URFI881132,黑色家电,9,"USZA000801,USZA000810,USZA002429,USZA002848,USZA301578,USHA600060,USHA600839,USHA688609,USHA688696"
URFI881177,互联网电商,20,"USZA002024,USZA002127,USZA002315,USZA002640,USZA002803,USZA003010,USZA300209,USZA300464,USZA300518,USZA300592,USZA300792,USZA301001,USZA301110,USZA301381,USZA301558,USHT600365,USHA600539,USHA603613,USHA605136,USTM920065"
URFI881264,化学纤维,29,"USZA000420,USZA000677,USZA000703,USZA000782,USZA000936,USZA000949,USZA001369,USZA002064,USZA002206,USZA002254,USZA002427,USZA002998,USZA300876,USZA300905,USZA301057,USHA600063,USHT600370,USHA600527,USHA600810,USHA601113,USHA601233,USHA603225,USHA603332,USHA603382,USHA603406,USHA605166,USHA688295,USHA688722,USTM920077"
URFI881108,化学原料,59,"USZA000510,USZA000545,USZA000635,USZA000683,USZA000691,USZA000707,USZA000818,USZA000822,USZA000830,USZA000990,USZA001217,USZA002092,USZA002109,USZA002136,USZA002145,USZA002274,USZA002386,USZA002469,USZA002601,USZA002748,USZA003017,USZA300082,USZA300891,USZA300927,USZA301069,USZA301118,USZA301190,USZA301256,USHA600075,USHA600319,USHA600328,USHA600367,USHA600409,USHT600423,USHA600586,USHA600610,USHA600618,USHA600623,USHA600714,USHA600722,USHA600746,USHA600784,USHA600844,USHA600929,USHA600935,USHA600955,USHA600989,USHA601065,USHA601216,USHA601568,USHA601678,USHA603067,USHA603113,USHA603213,USHA603276,USHA603299,USHA603938,USTM920304,USTM920489"
URFI881109,化学制品,183,"USZA000565,USZA000881,USZA001218,USZA001335,USZA001358,USZA002037,USZA002054,USZA002096,USZA002165,USZA002166,USZA002211,USZA002226,USZA002246,USZA002319,USZA002326,USZA002360,USZA002407,USZA002430,USZA002440,USZA002453,USZA002455,USZA002497,USZA002562,USZA002591,USZA002597,USZA002637,USZA002648,USZA002666,USZA002669,USZA002683,USZA002783,USZA002802,USZA002809,USZA002810,USZA002827,USZA002909,USZA002915,USZA002917,USZA002971,USZA003002,USZA300019,USZA300041,USZA300067,USZA300072,USZA300107,USZA300109,USZA300169,USZA300174,USZA300200,USZA300214,USZA300225,USZA300343,USZA300405,USZA300522,USZA300535,USZA300596,USZA300610,USZA300637,USZA300641,USZA300665,USZA300721,USZA300727,USZA300741,USZA300758,USZA300798,USZA300801,USZA300821,USZA300829,USZA300848,USZA300858,USZA300886,USZA300910,USZA301036,USZA301037,USZA301076,USZA301077,USZA301100,USZA301149,USZA301156,USZA301206,USZA301209,USZA301212,USZA301220,USZA301283,USZA301286,USZA301373,USZA301518,USZA301585,USZA301617,USZA301618,USZA301683,USZA301688,USHA600160,USHA600165,USHA600230,USHA600273,USHA600299,USHA600309,USHA600352,USHA600378,USHA600500,USHA600727,USHA600866,USHA600873,USHA603004,USHA603010,USHA603020,USHA603041,USHA603051,USHA603062,USHA603065,USHA603079,USHA603110,USHA603120,USHA603125,USHA603155,USHA603172,USHA603181,USHA603188,USHA603192,USHA603217,USHA603227,USHA603255,USHA603260,USHA603281,USHA603285,USHA603310,USHA603334,USHA603379,USHA603505,USHA603681,USHA603683,USHA603722,USHA603739,USHA603790,USHT603822,USHA603823,USHA603867,USHA603916,USHA603948,USHA603968,USHA603977,USHA603980,USHA605016,USHA605020,USHA605077,USHA605366,USHA605399,USHA605566,USHA688065,USHT688089,USHA688129,USHA688133,USHA688157,USHA688179,USHA688196,USHA688199,USHA688267,USHA688269,USHA688350,USHA688357,USHA688398,USHA688571,USHA688602,USHA688625,USHA688639,USHA688659,USTM920015,USTM920016,USTM920033,USTM920038,USTM920107,USTM920206,USTM920258,USTM920261,USTM920288,USTM920422,USTM920471,USTM920519,USTM920832,USTM920957,USTM920970,USTM920974"
URFI881140,化学制药,159,"USZA000153,USZA000513,USZA000566,USZA000597,USZA000739,USZA000756,USZA000766,USZA000788,USZA000813,USZA000908,USZA000915,USZA000919,USZA000931,USZA000952,USZA000953,USZA000963,USZA001367,USZA002001,USZA002004,USZA002019,USZA002020,USZA002038,USZA002099,USZA002102,USZA002168,USZA002262,USZA002294,USZA002332,USZA002365,USZA002370,USZA002393,USZA002399,USZA002422,USZA002437,USZA002550,USZA002653,USZA002675,USZA002742,USZA002755,USZA002793,USZA002826,USZA002872,USZA002900,USZA002923,USZA002940,USZA003020,USZA300006,USZA300016,USZA300086,USZA300110,USZA300111,USZA300194,USZA300199,USZA300204,USZA300233,USZA300254,USZA300255,USZA300267,USZA300381,USZA300401,USZA300434,USZA300436,USZA300452,USZA300497,USZA300558,USZA300573,USZA300583,USZA300584,USZA300636,USZA300702,USZA300705,USZA300723,USZA300765,USZA300966,USZA301065,USZA301075,USZA301089,USZA301130,USZA301211,USZA301246,USZA301258,USZA301263,USZA301277,USZA301281,USZA301301,USZA301507,USHA600062,USHT600079,USHA600196,USHA600216,USHA600267,USHA600276,USHA600380,USHA600420,USHA600488,USHA600513,USHA600521,USHA600613,USHT600624,USHA600664,USHA600774,USHA600789,USHA600812,USHA600851,USHA601089,USHA603168,USHA603207,USHA603229,USHA603235,USHA603336,USHA603351,USHA603367,USHA603520,USHA603538,USHA603669,USHA603676,USHA603707,USHA603811,USHA605116,USHA605177,USHA605507,USHT688076,USHA688091,USHA688117,USHA688166,USHA688176,USHT688189,USHA688192,USHA688197,USHA688221,USHA688235,USHA688247,USHA688266,USHA688302,USHA688321,USHA688356,USHA688373,USHA688382,USHA688505,USHA688506,USHA688513,USHA688553,USHA688566,USHA688578,USHA688658,USHA688687,USHA688690,USHA688758,USHA688759,USHA688799,USTM920017,USTM920230,USTM920367,USTM920478,USTM920547,USTM920566,USTM920656,USTM920735,USTM920946"
URFI881284,环保设备,30,"USZA000551,USZA000820,USZA000890,USZA000967,USZA001336,USZA002658,USZA300056,USZA300105,USZA300137,USZA300385,USZA300631,USZA300786,USZA300800,USZA300862,USZA301030,USZA301081,USZA301288,USHA600388,USHA600526,USHA600817,USHA603282,USHA603324,USHA688309,USHA688335,USHA688376,USHA688501,USHA688671,USHA688718,USTM920145,USTM920802"
URFI881181,环境治理,111,"USZA000035,USZA000068,USZA000544,USZA000546,USZA000598,USZA000605,USZA000685,USZA000711,USZA000803,USZA000826,USZA000885,USZA001230,USZA002034,USZA002210,USZA002266,USZA002549,USZA002573,USZA002645,USZA002672,USZA002717,USZA002778,USZA002887,USZA002973,USZA003027,USZA003039,USZA300070,USZA300140,USZA300152,USZA300172,USZA300187,USZA300190,USZA300197,USZA300266,USZA300355,USZA300388,USZA300422,USZA300425,USZA300437,USZA300614,USZA300664,USZA300692,USZA300774,USZA300779,USZA300815,USZA300854,USZA300864,USZA300867,USZA300899,USZA300929,USZA300948,USZA300958,USZA300961,USZA301049,USZA301068,USZA301109,USZA301127,USZA301148,USZA301175,USZA301203,USZA301259,USZA301265,USZA301305,USZA301372,USZA301500,USZA301519,USHA600008,USHA600133,USHA600168,USHT600187,USHA600217,USHA600283,USHA600323,USHA600461,USHA600769,USHA600796,USHA600874,USHA601033,USHA601158,USHA601199,USHA601200,USHA601330,USHA601368,USHA601827,USHA603126,USHA603177,USHA603200,USHA603291,USHA603315,USHT603359,USHA603568,USHA603588,USHA603686,USHA603759,USHA603797,USHA603817,USHA603903,USHA605069,USHA688057,USHA688069,USHA688096,USHA688101,USHA688178,USHA688370,USHA688466,USHA688480,USHA688485,USHA688565,USHA688679,USHA688701,USTM920263,USTM920370"
URFI881151,机场航运,13,"USZA000089,USZA000099,USZA002928,USHA600004,USHA600009,USHA600029,USHA600115,USHA600221,USHA600515,USHA600897,USHA601021,USHA601111,USHA603885"
URFI881130,计算机设备,83,"USZA000066,USZA000977,USZA000997,USZA001229,USZA001339,USZA002152,USZA002180,USZA002236,USZA002268,USZA002376,USZA002415,USZA002512,USZA002528,USZA002577,USZA002835,USZA002869,USZA002912,USZA002970,USZA002990,USZA003004,USZA300042,USZA300130,USZA300155,USZA300249,USZA300270,USZA300302,USZA300324,USZA300333,USZA300368,USZA300386,USZA300449,USZA300455,USZA300462,USZA300479,USZA300508,USZA300531,USZA300546,USZA300551,USZA300552,USZA300588,USZA300645,USZA300659,USZA300691,USZA300743,USZA300771,USZA300789,USZA300790,USZA300807,USZA300845,USZA300847,USZA300857,USZA300884,USZA300941,USZA301042,USZA301117,USZA301318,USZA301330,USZA301339,USZA301391,USZA301503,USZA301589,USZA301600,USHA600100,USHA603019,USHA603106,USHA603496,USHA603508,USHA603516,USHA603660,USHA605118,USHA688060,USHA688208,USHA688288,USHA688475,USHA688489,USHA688619,USTM920036,USTM920090,USTM920190,USTM920198,USTM920395,USTM920808,USTM920976"
URFI881115,建筑材料,73,"USZA000012,USZA000055,USZA000401,USZA000619,USZA000672,USZA000786,USZA000789,USZA000877,USZA001212,USZA002043,USZA002066,USZA002080,USZA002088,USZA002201,USZA002205,USZA002225,USZA002233,USZA002247,USZA002271,USZA002302,USZA002333,USZA002372,USZA002392,USZA002398,USZA002457,USZA002596,USZA002641,USZA002652,USZA002671,USZA002694,USZA002718,USZA002785,USZA002791,USZA003037,USZA300196,USZA300198,USZA300234,USZA300374,USZA300599,USZA300715,USZA300737,USZA300986,USZA301010,USZA301429,USZA301526,USHA600176,USHA600293,USHA600326,USHA600425,USHA600449,USHA600585,USHA600668,USHT600678,USHA600801,USHA600802,USHA600819,USHA601112,USHA601636,USHA601992,USHA603038,USHT603378,USHA603601,USHA603616,USHA603737,USHA603856,USHA605006,USHA605122,USHA605318,USHA688119,USTM920076,USTM920191,USTM920580,USTM920792"
URFI881116,建筑装饰,143,"USZA000010,USZA000032,USZA000065,USZA000498,USZA000628,USZA000779,USZA000928,USZA002047,USZA002051,USZA002060,USZA002061,USZA002062,USZA002081,USZA002116,USZA002135,USZA002140,USZA002163,USZA002200,USZA002307,USZA002323,USZA002375,USZA002431,USZA002482,USZA002541,USZA002542,USZA002586,USZA002620,USZA002628,USZA002629,USZA002663,USZA002713,USZA002743,USZA002761,USZA002775,USZA002789,USZA002811,USZA002830,USZA002856,USZA002883,USZA002941,USZA002949,USZA002963,USZA002989,USZA003001,USZA003013,USZA300284,USZA300384,USZA300500,USZA300506,USZA300517,USZA300564,USZA300621,USZA300635,USZA300649,USZA300675,USZA300712,USZA300732,USZA300778,USZA300826,USZA300844,USZA300949,USZA300977,USZA300982,USZA300983,USZA300989,USZA301024,USZA301027,USZA301038,USZA301046,USZA301058,USZA301091,USZA301098,USZA301136,USZA301167,USZA301365,USZA301390,USZA301505,USHA600039,USHA600170,USHA600234,USHA600248,USHA600284,USHA600477,USHT600491,USHA600496,USHA600502,USHA600512,USHA600629,USHA600667,USHA600720,USHA600820,USHA600846,USHA600853,USHA600939,USHA600970,USHA601068,USHA601117,USHA601133,USHA601186,USHA601226,USHA601390,USHA601611,USHA601618,USHA601668,USHA601669,USHA601789,USHA601800,USHA601868,USHA601886,USHA603017,USHA603018,USHA603030,USHA603098,USHA603137,USHA603153,USHA603163,USHA603176,USHA603257,USHA603357,USHA603458,USHA603637,USHA603815,USHT603828,USHT603843,USHA603860,USHA603909,USHA603929,USHA603955,USHT603959,USHA605167,USHA605178,USHA605287,USHA605289,USHA605303,USHA605598,USTM920003,USTM920019,USTM920057,USTM920099,USTM920149,USTM920427,USTM920873,USTM920892"
URFI881178,教育,15,"USZA000526,USZA002607,USZA002659,USZA003032,USZA300010,USZA300192,USZA300338,USZA300359,USZA300492,USZA300688,USHA600455,USHA600661,USHT600730,USHT603377,USHA605098"
URFI881114,金属新材料,34,"USZA000633,USZA000795,USZA000969,USZA000970,USZA300127,USZA300224,USZA300748,USZA300811,USZA300835,USZA300855,USZA300930,USZA300963,USZA301141,USZA301323,USZA301522,USZA301531,USZA301622,USHA600255,USHA600366,USHA601137,USHA603072,USHA603124,USHA603978,USHA605158,USHA688077,USHA688102,USHA688190,USHA688456,USHA688786,USHA688811,USTM920078,USTM920152,USTM920576,USTM920751"
URFI881276,军工电子,61,"USZA000547,USZA000733,USZA001270,USZA002025,USZA002179,USZA002189,USZA002214,USZA002338,USZA002383,USZA002413,USZA002414,USZA002446,USZA002465,USZA002519,USZA002935,USZA002977,USZA300045,USZA300101,USZA300123,USZA300177,USZA300252,USZA300397,USZA300447,USZA300474,USZA300629,USZA300726,USZA300762,USZA301050,USZA301213,USZA301302,USZA301517,USZA301571,USZA301592,USZA301682,USZA301707,USHA600562,USHA600855,USHA600990,USHA603267,USHA603488,USHA603678,USHA603712,USHA688011,USHT688053,USHA688081,USHA688084,USHA688132,USHA688175,USHA688272,USHA688311,USHA688375,USHA688439,USHA688511,USHA688522,USHA688552,USHA688629,USHA688636,USHA688682,USHA688776,USHA688788,USTM920008"
URFI881166,军工装备,82,"USZA000519,USZA000561,USZA000576,USZA000697,USZA000738,USZA000768,USZA002023,USZA002111,USZA002265,USZA002297,USZA002389,USZA002625,USZA002651,USZA002829,USZA002933,USZA002985,USZA003009,USZA300008,USZA300034,USZA300065,USZA300395,USZA300424,USZA300527,USZA300581,USZA300589,USZA300600,USZA300696,USZA300699,USZA300719,USZA300722,USZA300775,USZA300777,USZA300810,USZA300875,USZA300900,USZA300922,USZA300965,USZA301357,USZA301586,USZA301696,USZA302132,USHA600038,USHA600118,USHA600150,USHA600184,USHA600316,USHA600372,USHA600391,USHA600435,USHA600685,USHA600760,USHA600764,USHA600765,USHA600862,USHA600879,USHA600893,USHA600967,USHA601606,USHA601698,USHA601890,USHA603261,USHA603268,USHA605123,USHT688066,USHA688070,USHA688122,USHA688231,USHA688237,USHA688239,USHA688281,USHA688282,USHA688297,USHA688510,USHA688523,USHA688543,USHA688563,USHA688586,USHA688685,USHA688708,USHA688818,USTM920006,USTM920642"
URFI881282,其他电源设备,35,"USZA002052,USZA002227,USZA002255,USZA002335,USZA002364,USZA002366,USZA002518,USZA002534,USZA002630,USZA002851,USZA002951,USZA300153,USZA300277,USZA300376,USZA300490,USZA300491,USZA300593,USZA300693,USZA300713,USZA300820,USZA300870,USZA301157,USZA301516,USZA301590,USZA301669,USHA600212,USHA600405,USHA600482,USHA600590,USHA600875,USHA601727,USHA688411,USHA688551,USHA688719,USTM920110"
URFI881123,其他电子,34,"USZA000062,USZA000670,USZA001287,USZA001298,USZA002130,USZA002161,USZA002388,USZA002729,USZA002782,USZA002859,USZA002885,USZA002922,USZA300131,USZA300184,USZA300475,USZA300493,USZA300516,USZA300650,USZA300656,USZA300736,USZA300975,USZA300991,USZA301031,USZA301099,USZA301275,USZA301328,USZA301359,USZA301563,USHA600353,USHA688093,USHA688103,USHA688662,USHA688800,USTM920181"
URFI881179,其他社会服务,42,"USZA001396,USZA002057,USZA002858,USZA002967,USZA003008,USZA300012,USZA300215,USZA300416,USZA300662,USZA300668,USZA300795,USZA300797,USZA300860,USZA300887,USZA300938,USZA300962,USZA301115,USZA301169,USZA301228,USZA301289,USZA301306,USZA301449,USZA301508,USZA301632,USHA600158,USHA600654,USHA600662,USHA600676,USHA600826,USHA600861,USHA601588,USHA601965,USHA603060,USHA603183,USHA603373,USHA688334,USHA688757,USTM920039,USTM920122,USTM920160,USTM920208,USTM920753"
URFI881158,零售,71,"USZA000007,USZA000056,USZA000058,USZA000061,USZA000417,USZA000419,USZA000501,USZA000564,USZA000679,USZA000715,USZA000759,USZA000785,USZA000829,USZA000882,USZA002177,USZA002187,USZA002251,USZA002277,USZA002305,USZA002344,USZA002356,USZA002416,USZA002419,USZA002561,USZA002697,USZA002818,USZA300022,USZA300622,USZA300755,USZA300947,USZA300972,USZA301078,USHA600113,USHA600162,USHA600185,USHT600239,USHA600280,USHA600415,USHA600605,USHA600628,USHA600655,USHA600693,USHA600694,USHA600697,USHA600712,USHA600729,USHA600738,USHA600778,USHA600785,USHA600790,USHA600814,USHA600824,USHA600827,USHA600828,USHA600838,USHA600857,USHA600858,USHA600859,USHA600865,USHT601010,USHA601086,USHA601116,USHA601366,USHA601828,USHA601888,USHA601933,USHA603101,USHA603214,USHA603682,USHA603708,USHA605188"
URFI881160,旅游及酒店,35,"USZA000069,USZA000428,USZA000430,USZA000524,USZA000558,USZA000610,USZA000721,USZA000796,USZA000888,USZA000978,USZA002033,USZA002059,USZA002159,USZA002186,USZA002306,USZA002627,USZA002707,USZA300144,USZA300859,USZA301073,USHA600054,USHA600138,USHA600250,USHA600258,USHA600576,USHA600593,USHA600706,USHA600749,USHA600754,USHA601007,USHA603099,USHA603136,USHA603199,USHA603402,USHA605108"
URFI881159,贸易,14,"USZA000151,USZA000626,USZA000701,USZA002072,USZA002091,USZA002183,USHA600058,USHA600128,USHA600278,USHA600287,USHA600710,USHA600725,USHA600981,USHA601061"
URFI881105,煤炭开采加工,34,"USZA000552,USZA000571,USZA000723,USZA000937,USZA000983,USZA002128,USHA600121,USHA600123,USHA600188,USHA600256,USHA600348,USHA600395,USHA600403,USHA600408,USHA600508,USHA600546,USHA600726,USHA600740,USHA600758,USHA600792,USHA600925,USHA600971,USHA600985,USHA600997,USHA601001,USHA601011,USHA601015,USHA601088,USHA601101,USHA601225,USHA601666,USHA601699,USHA601898,USHA601918"
URFI881182,美容护理,34,"USZA000615,USZA001206,USZA001328,USZA002243,USZA002511,USZA002612,USZA003006,USZA300132,USZA300658,USZA300740,USZA300849,USZA300856,USZA300888,USZA300896,USZA300955,USZA300957,USZA301009,USZA301059,USZA301108,USZA301371,USHA600223,USHA600249,USHA600315,USHA603059,USHA603193,USHA603605,USHA603630,USHA603983,USHA605009,USHA688363,USTM920123,USTM920165,USTM920176,USTM920982"
URFI881267,能源金属,13,"USZA000762,USZA002192,USZA002240,USZA002460,USZA002466,USZA002667,USZA002756,USZA300618,USZA301219,USHA603399,USHA603799,USHA605376,USTM920914"
URFI881103,农产品加工,43,"USZA000019,USZA000505,USZA000702,USZA000876,USZA000911,USZA000930,USZA000972,USZA001313,USZA001338,USZA001366,USZA002086,USZA002100,USZA002286,USZA002311,USZA002385,USZA002481,USZA002548,USZA002567,USZA002696,USZA002852,USZA002891,USZA003030,USZA300138,USZA300175,USZA300268,USZA300673,USZA300999,USZA301498,USHA600127,USHA600191,USHA600251,USHA600737,USHA603151,USHA603182,USHA603231,USHA603363,USHA603609,USHA603668,USHA688156,USTM920023,USTM920275,USTM920371,USTM920419"
URFI881263,农化制品,61,"USZA000408,USZA000422,USZA000525,USZA000553,USZA000731,USZA000792,USZA000893,USZA000902,USZA000912,USZA001231,USZA002170,USZA002250,USZA002258,USZA002312,USZA002391,USZA002470,USZA002496,USZA002538,USZA002539,USZA002545,USZA002588,USZA002734,USZA002749,USZA002758,USZA002895,USZA002942,USZA002999,USZA003042,USZA300261,USZA300387,USZA300505,USZA300575,USZA300796,USZA300804,USZA301035,USZA301665,USHA600078,USHA600096,USHA600141,USHA600227,USHA600331,USHA600389,USHA600426,USHA600470,USHA600486,USHA600596,USHA600691,USHA600731,USHA603077,USHA603086,USHA603360,USHA603395,USHA603585,USHA603599,USHA603639,USHA603810,USHA603970,USHA605033,USTM920159,USTM920819,USTM920866"
URFI881128,汽车服务及其他,26,"USZA000757,USZA000913,USZA002105,USZA003033,USZA300256,USZA300825,USZA300994,USZA301215,USZA301322,USZA301345,USHA600099,USHA600335,USHA600386,USHA600653,USHA600679,USHT600818,USHA600822,USHA603129,USHA603468,USHA603529,USHA603766,USHA603776,USHA603787,USHA689009,USTM920030,USTM920058"
URFI881126,汽车零部件,276,"USZA000030,USZA000338,USZA000559,USZA000581,USZA000589,USZA000599,USZA000678,USZA000700,USZA000887,USZA000901,USZA000903,USZA000981,USZA001233,USZA001260,USZA001278,USZA001282,USZA001285,USZA001311,USZA001319,USZA001365,USZA001380,USZA002048,USZA002085,USZA002101,USZA002126,USZA002190,USZA002239,USZA002283,USZA002284,USZA002328,USZA002355,USZA002363,USZA002406,USZA002434,USZA002448,USZA002454,USZA002472,USZA002488,USZA002510,USZA002516,USZA002536,USZA002537,USZA002553,USZA002590,USZA002592,USZA002593,USZA002662,USZA002664,USZA002703,USZA002708,USZA002715,USZA002725,USZA002765,USZA002766,USZA002806,USZA002813,USZA002863,USZA002870,USZA002906,USZA002920,USZA002921,USZA002937,USZA002965,USZA002976,USZA002984,USZA002997,USZA300100,USZA300176,USZA300237,USZA300258,USZA300304,USZA300375,USZA300428,USZA300432,USZA300446,USZA300473,USZA300507,USZA300547,USZA300580,USZA300585,USZA300611,USZA300643,USZA300652,USZA300680,USZA300681,USZA300694,USZA300695,USZA300707,USZA300733,USZA300745,USZA300816,USZA300863,USZA300893,USZA300912,USZA300926,USZA300928,USZA300969,USZA300978,USZA300998,USZA301000,USZA301005,USZA301007,USZA301020,USZA301022,USZA301072,USZA301119,USZA301133,USZA301170,USZA301173,USZA301181,USZA301186,USZA301192,USZA301225,USZA301229,USZA301233,USZA301298,USZA301310,USZA301397,USZA301398,USZA301459,USZA301488,USZA301499,USZA301529,USZA301535,USZA301539,USZA301550,USZA301552,USZA301560,USZA301581,USZA301607,USZA301608,USZA301613,USZA301631,USZA301655,USZA301656,USZA301667,USZA301680,USHA600081,USHA600148,USHA600151,USHA600178,USHA600182,USHA600218,USHA600469,USHA600480,USHA600523,USHA600609,USHA600626,USHA600651,USHA600660,USHA600698,USHA600699,USHA600741,USHA600742,USHA600841,USHA600933,USHA600960,USHA601058,USHA601163,USHA601279,USHA601500,USHA601689,USHA601799,USHA601966,USHA603007,USHA603009,USHA603013,USHA603023,USHA603035,USHA603037,USHA603040,USHA603048,USHA603049,USHA603085,USHA603089,USHA603107,USHA603109,USHA603119,USHA603121,USHA603158,USHA603161,USHA603166,USHA603178,USHA603179,USHA603190,USHA603197,USHA603202,USHA603210,USHA603211,USHA603239,USHA603266,USHA603286,USHA603293,USHA603305,USHA603306,USHA603319,USHA603335,USHA603348,USHA603352,USHA603358,USHA603376,USHA603390,USHA603409,USHA603418,USHA603448,USHA603586,USHA603596,USHA603633,USHA603655,USHA603701,USHA603730,USHA603758,USHA603767,USHA603768,USHA603786,USHA603788,USHA603809,USHA603917,USHT603922,USHA603926,USHA603949,USHA603950,USHA603960,USHA603982,USHA603997,USHA605005,USHA605018,USHA605068,USHA605088,USHA605128,USHA605133,USHA605151,USHA605228,USHA605255,USHA605319,USHA605333,USHA688021,USHA688280,USHA688533,USHA688612,USHA688667,USHA688737,USTM920000,USTM920020,USTM920022,USTM920055,USTM920059,USTM920079,USTM920086,USTM920106,USTM920136,USTM920146,USTM920168,USTM920187,USTM920195,USTM920202,USTM920212,USTM920220,USTM920221,USTM920242,USTM920247,USTM920269,USTM920270,USTM920271,USTM920378,USTM920418,USTM920436,USTM920454,USTM920533,USTM920663,USTM920690,USTM920720,USTM920837,USTM920896,USTM920906,USTM920978"
URFI881125,汽车整车,23,"USZA000550,USZA000572,USZA000625,USZA000800,USZA000868,USZA000951,USZA000957,USZA000980,USZA002594,USZA301039,USHA600006,USHA600066,USHA600104,USHA600166,USHA600303,USHA600375,USHA600418,USHA600686,USHA600733,USHA601127,USHA601238,USHA601633,USHA601777"
URFI881146,燃气,27,"USZA000407,USZA000593,USZA000669,USZA001299,USZA001331,USZA002259,USZA002267,USZA002700,USZA002911,USZA300332,USHA600333,USHA600617,USHA600635,USHA600681,USHA600803,USHA600903,USHA600917,USHA601139,USHA603053,USHA603080,USHA603318,USHA603689,USHA603706,USHA605090,USHA605169,USHA605368,USTM920010"
URFI881272,软件开发,138,"USZA000503,USZA000948,USZA002063,USZA002153,USZA002178,USZA002212,USZA002230,USZA002253,USZA002261,USZA002279,USZA002322,USZA002362,USZA002405,USZA002410,USZA002439,USZA002987,USZA003007,USZA003029,USZA300033,USZA300036,USZA300047,USZA300074,USZA300075,USZA300085,USZA300096,USZA300188,USZA300226,USZA300229,USZA300235,USZA300253,USZA300271,USZA300311,USZA300348,USZA300352,USZA300365,USZA300366,USZA300369,USZA300377,USZA300378,USZA300380,USZA300451,USZA300454,USZA300465,USZA300468,USZA300469,USZA300520,USZA300525,USZA300542,USZA300550,USZA300556,USZA300559,USZA300561,USZA300579,USZA300598,USZA300605,USZA300608,USZA300624,USZA300663,USZA300730,USZA300766,USZA300768,USZA300803,USZA300830,USZA300925,USZA300935,USZA300996,USZA301095,USZA301153,USZA301159,USZA301162,USZA301185,USZA301195,USZA301221,USZA301269,USZA301270,USZA301315,USZA301337,USZA301378,USHA600288,USHA600570,USHA600571,USHA600588,USHA600602,USHA600880,USHA601360,USHA601519,USHA603039,USHA603138,USHT603189,USHA603232,USHA603383,USHA603528,USHA603927,USHA603990,USHA688023,USHA688030,USHA688031,USHA688038,USHA688058,USHA688078,USHA688083,USHA688095,USHA688109,USHA688111,USHA688118,USHA688152,USHA688168,USHA688171,USHT688201,USHA688206,USHA688225,USHA688232,USHA688244,USHA688246,USHA688291,USHA688296,USHA688318,USHA688326,USHA688369,USHA688435,USHA688479,USHA688507,USHA688561,USHA688562,USHA688579,USHA688588,USHA688590,USHA688615,USHA688631,USHA688651,USHA688657,USHA688692,USHA688695,USTM920207,USTM920415,USTM920592,USTM920799,USTM920932"
URFI881142,生物制品,56,"USZA000403,USZA000518,USZA000534,USZA000661,USZA002007,USZA002252,USZA002581,USZA002693,USZA002773,USZA002880,USZA300009,USZA300122,USZA300142,USZA300239,USZA300294,USZA300318,USZA300357,USZA300485,USZA300601,USZA300841,USZA301047,USZA301080,USZA301166,USZA301207,USZA301393,USHA600161,USHA600211,USHA600739,USHA600867,USHA603087,USHA603590,USHA688062,USHA688105,USHA688136,USHA688137,USHA688163,USHA688177,USHA688180,USHA688185,USHA688276,USHA688278,USHA688319,USHA688331,USHA688336,USHA688428,USHA688443,USHA688488,USHA688520,USHA688670,USHA688739,USHA688765,USHA688806,USHA688837,USTM920047,USTM920344,USTM920575"
URFI881134,食品加工制造,66,"USZA000529,USZA000639,USZA000716,USZA000895,USZA001215,USZA001219,USZA002216,USZA002330,USZA002495,USZA002507,USZA002515,USZA002557,USZA002582,USZA002626,USZA002650,USZA002661,USZA002695,USZA002702,USZA002719,USZA002726,USZA002820,USZA002840,USZA002847,USZA002956,USZA002991,USZA003000,USZA300146,USZA300783,USZA300791,USZA300908,USZA300973,USZA301116,USHA600073,USHA600186,USHA600298,USHA600305,USHT600381,USHT600530,USHA600872,USHA603027,USHA603043,USHA603057,USHA603102,USHA603170,USHA603237,USHA603262,USHA603288,USHA603317,USHA603345,USHT603517,USHA603536,USHA603696,USHA603697,USHA603719,USHA603755,USHA603777,USHA603866,USHA603886,USHA605089,USHA605338,USHA605339,USHA605567,USTM920273,USTM920429,USTM920726,USTM920826"
URFI881265,塑料制品,78,"USZA000859,USZA000920,USZA000973,USZA001255,USZA001333,USZA001378,USZA002108,USZA002263,USZA002324,USZA002361,USZA002395,USZA002522,USZA002585,USZA002632,USZA002768,USZA002825,USZA002838,USZA002886,USZA300180,USZA300218,USZA300221,USZA300230,USZA300243,USZA300305,USZA300321,USZA300334,USZA300478,USZA300487,USZA300538,USZA300539,USZA300586,USZA300644,USZA300717,USZA300806,USZA300834,USZA300920,USZA300980,USZA300995,USZA301003,USZA301019,USZA301090,USZA301092,USZA301131,USZA301196,USZA301216,USZA301237,USZA301395,USZA301538,USZA301555,USZA301565,USZA301588,USZA301591,USZA301686,USZA301687,USHA600135,USHA600143,USHA601026,USHA601208,USHA603330,USHA603580,USHA603879,USHA603928,USHA605008,USHA605488,USHA605589,USHA688203,USHA688219,USHA688323,USHA688386,USHA688585,USHA688669,USHA688716,USTM920028,USTM920056,USTM920066,USTM920089,USTM920469,USTM920871"
URFI881162,通信服务,44,"USZA000815,USZA000839,USZA000889,USZA002093,USZA002115,USZA002123,USZA002148,USZA002289,USZA002467,USZA002544,USZA002929,USZA300025,USZA300050,USZA300081,USZA300113,USZA300292,USZA300310,USZA300383,USZA300442,USZA300513,USZA300560,USZA300571,USZA300578,USZA300597,USZA300603,USZA300738,USZA300846,USZA300895,USZA300921,USZA300959,USZA301139,USZA301380,USZA301382,USZA301428,USHA600050,USHT600289,USHA600941,USHA601728,USHA603206,USHA603220,USHA603559,USHA603881,USHA603887,USTM920924"
URFI881129,通信设备,91,"USZA000063,USZA000070,USZA000586,USZA001267,USZA002017,USZA002104,USZA002194,USZA002281,USZA002296,USZA002313,USZA002396,USZA002491,USZA002547,USZA002583,USZA002792,USZA002796,USZA002881,USZA002897,USZA002902,USZA003031,USZA003040,USZA300098,USZA300134,USZA300183,USZA300205,USZA300213,USZA300308,USZA300353,USZA300394,USZA300414,USZA300502,USZA300504,USZA300548,USZA300555,USZA300563,USZA300565,USZA300570,USZA300590,USZA300615,USZA300620,USZA300627,USZA300628,USZA300638,USZA300689,USZA300698,USZA300710,USZA300711,USZA300913,USZA301165,USZA301191,USZA301202,USZA301205,USZA301307,USZA301314,USZA301419,USZA301486,USZA301577,USHA600105,USHA600345,USHA600487,USHA600498,USHA600522,USHA600775,USHA600776,USHA601869,USHA603042,USHA603083,USHA603118,USHA603236,USHA603421,USHA603803,USHA688027,USHA688080,USHA688100,USHA688143,USHA688159,USHA688182,USHA688205,USHA688283,USHA688292,USHA688313,USHA688387,USHA688418,USHA688592,USHA688618,USHA688635,USHA688668,USTM920045,USTM920249,USTM920374,USTM920640"
URFI881117,通用设备,254,"USZA000039,USZA000410,USZA000530,USZA000570,USZA000777,USZA000811,USZA000837,USZA000880,USZA001237,USZA001306,USZA001379,USZA001696,USZA002026,USZA002046,USZA002122,USZA002131,USZA002132,USZA002158,USZA002164,USZA002175,USZA002248,USZA002272,USZA002282,USZA002342,USZA002347,USZA002438,USZA002444,USZA002445,USZA002514,USZA002520,USZA002530,USZA002559,USZA002598,USZA002633,USZA002639,USZA002686,USZA002760,USZA002767,USZA002795,USZA002819,USZA002843,USZA002849,USZA002871,USZA002877,USZA002884,USZA002896,USZA002903,USZA002931,USZA002943,USZA003025,USZA300007,USZA300066,USZA300083,USZA300091,USZA300112,USZA300126,USZA300145,USZA300154,USZA300157,USZA300161,USZA300165,USZA300179,USZA300193,USZA300203,USZA300211,USZA300228,USZA300257,USZA300259,USZA300263,USZA300306,USZA300349,USZA300354,USZA300370,USZA300371,USZA300402,USZA300417,USZA300420,USZA300421,USZA300441,USZA300445,USZA300466,USZA300470,USZA300488,USZA300503,USZA300515,USZA300553,USZA300554,USZA300557,USZA300567,USZA300572,USZA300606,USZA300667,USZA300700,USZA300718,USZA300720,USZA300780,USZA300809,USZA300817,USZA300828,USZA300838,USZA300861,USZA300885,USZA300897,USZA300943,USZA300946,USZA300984,USZA300985,USZA300990,USZA300992,USZA301006,USZA301018,USZA301028,USZA301032,USZA301043,USZA301070,USZA301083,USZA301107,USZA301125,USZA301129,USZA301137,USZA301151,USZA301160,USZA301197,USZA301226,USZA301252,USZA301255,USZA301261,USZA301268,USZA301272,USZA301273,USZA301303,USZA301309,USZA301311,USZA301317,USZA301353,USZA301368,USZA301377,USZA301399,USZA301413,USZA301448,USZA301525,USZA301528,USZA301548,USZA301559,USZA301596,USZA301603,USZA301616,USZA301677,USZA301689,USHA600114,USHA600172,USHA600202,USHT600243,USHA600343,USHA600558,USHA600592,USHA600860,USHT600889,USHA600992,USHA601002,USHA601177,USHA601882,USHA603028,USHA603082,USHA603088,USHA603090,USHA603100,USHA603131,USHA603187,USHA603201,USHA603269,USHA603270,USHA603277,USHA603278,USHA603279,USHA603308,USHA603331,USHA603339,USHA603400,USHA603617,USHA603662,USHA603667,USHA603699,USHA603700,USHA603757,USHA603912,USHA603915,USHA603969,USHA605056,USHA605060,USHA605100,USHA688028,USHA688056,USHA688059,USHA688112,USHA688115,USHA688211,USHA688251,USHA688257,USHA688305,USHA688308,USHA688333,USHA688337,USHA688355,USHA688360,USHA688379,USHA688433,USHA688448,USHA688455,USHA688528,USHA688539,USHA688557,USHA688558,USHA688577,USHA688583,USHA688600,USHA688610,USHT688622,USHA688628,USHA688648,USHA688665,USHA688697,USHA688768,USHA688808,USHA688828,USTM920035,USTM920082,USTM920169,USTM920223,USTM920238,USTM920363,USTM920407,USTM920455,USTM920476,USTM920491,USTM920505,USTM920509,USTM920510,USTM920570,USTM920651,USTM920662,USTM920679,USTM920685,USTM920689,USTM920693,USTM920725,USTM920807,USTM920833,USTM920855,USTM920870,USTM920879,USTM920943,USTM920950,USTM920961"
URFI881164,文化传媒,85,"USZA000156,USZA000607,USZA000665,USZA000676,USZA000681,USZA000719,USZA000793,USZA000917,USZA002027,USZA002095,USZA002181,USZA002238,USZA002264,USZA002291,USZA002354,USZA002400,USZA002712,USZA002878,USZA002995,USZA300058,USZA300061,USZA300063,USZA300071,USZA300148,USZA300242,USZA300295,USZA300364,USZA300413,USZA300418,USZA300612,USZA300654,USZA300770,USZA300781,USZA300785,USZA300788,USZA300805,USZA300987,USZA301025,USZA301052,USZA301102,USZA301171,USZA301231,USZA301262,USZA301299,USZA301313,USZA301551,USHA600037,USHA600228,USHA600229,USHA600373,USHA600551,USHA600556,USHA600637,USHA600640,USHA600757,USHA600825,USHA600831,USHA600959,USHA600986,USHA600996,USHA601019,USHA601098,USHA601801,USHA601811,USHA601858,USHA601900,USHA601921,USHA601928,USHA601929,USHA601949,USHA601999,USHA603000,USHA603096,USHA603230,USHA603466,USHA603533,USHA603598,USHA603602,USHT603729,USHT603825,USHA603888,USHA603999,USHA605168,USHA605577,USTM920021"
URFI881152,物流,50,"USZA000906,USZA000927,USZA001202,USZA001220,USZA001228,USZA001317,USZA001391,USZA002010,USZA002120,USZA002352,USZA002468,USZA002485,USZA002492,USZA002682,USZA002769,USZA002800,USZA002889,USZA002930,USZA300013,USZA300240,USZA300350,USZA300873,USHA600057,USHT600119,USHA600153,USHT600180,USHA600233,USHA600603,USHA600704,USHT600753,USHA600755,USHA600787,USHA600794,USHA601156,USHA601598,USHA603006,USHA603066,USHA603117,USHA603128,USHA603329,USHA603535,USHA603569,USHA603648,USHA603713,USHA603813,USHA603836,USHA603871,USHA603967,USHA605050,USTM920351"
URFI881266,橡胶制品,22,"USZA001207,USZA001325,USZA002068,USZA002224,USZA002381,USZA002442,USZA002753,USZA300121,USZA300320,USZA300587,USZA300731,USZA300767,USZA301300,USHA603033,USHA603650,USHA605183,USTM920098,USTM920188,USTM920225,USTM920665,USTM920694,USTM920834"
URFI881124,消费电子,96,"USZA000021,USZA001314,USZA002045,USZA002055,USZA002139,USZA002241,USZA002351,USZA002369,USZA002426,USZA002475,USZA002600,USZA002635,USZA002655,USZA002660,USZA002681,USZA002841,USZA002855,USZA002861,USZA002866,USZA002888,USZA002925,USZA002947,USZA002981,USZA002993,USZA003028,USZA300032,USZA300115,USZA300128,USZA300136,USZA300322,USZA300433,USZA300543,USZA300602,USZA300647,USZA300679,USZA300686,USZA300709,USZA300735,USZA300784,USZA300787,USZA300793,USZA300812,USZA300822,USZA300843,USZA300866,USZA300868,USZA300916,USZA300951,USZA300956,USZA300968,USZA300976,USZA301051,USZA301067,USZA301086,USZA301123,USZA301180,USZA301182,USZA301189,USZA301285,USZA301326,USZA301329,USZA301383,USZA301387,USZA301389,USZA301491,USZA301567,USZA301606,USZA301626,USHA600130,USHA600203,USHA600363,USHA601138,USHA601231,USHA603052,USHA603296,USHA603327,USHA603341,USHA603380,USHT603595,USHA603626,USHA603890,USHA605277,USHA688007,USHA688036,USHA688210,USHA688260,USHA688678,USHA688775,USTM920005,USTM920183,USTM920267,USTM920346,USTM920357,USTM920701,USTM920857,USTM920876"
URFI881173,小家电,26,"USZA001259,USZA002005,USZA002032,USZA002242,USZA002403,USZA002614,USZA002705,USZA002959,USZA003023,USZA300247,USZA300272,USZA300824,USZA301187,USZA301332,USHA603215,USHA603219,USHA603355,USHA603486,USHA603579,USHA603868,USHA605555,USHA688169,USHA688793,USTM920081,USTM920199,USTM920926"
URFI881170,小金属,30,"USZA000657,USZA000688,USZA000831,USZA000960,USZA000962,USZA001257,USZA001280,USZA002149,USZA002167,USZA002182,USZA002378,USZA002428,USZA002738,USZA002842,USZA002978,USZA300328,USZA301026,USHA600111,USHA600259,USHA600281,USHA600301,USHA600392,USHA600456,USHA600459,USHA600549,USHA601958,USHA603407,USHA688750,USTM920068,USTM920071"
URFI881102,养殖业,36,"USZA000048,USZA000735,USZA000798,USZA001201,USZA002069,USZA002124,USZA002157,USZA002234,USZA002299,USZA002321,USZA002458,USZA002688,USZA002714,USZA002746,USZA002868,USZA002982,USZA300094,USZA300119,USZA300313,USZA300498,USZA300761,USZA300871,USZA300967,USHA600097,USHA600195,USHA600201,USHA600467,USHT600965,USHA600975,USHA603477,USHA603566,USHA603717,USHA605296,USHA688098,USHA688526,USTM920729"
URFI881175,医疗服务,56,"USZA000504,USZA000516,USZA000710,USZA002044,USZA002172,USZA002173,USZA002219,USZA002524,USZA002622,USZA002821,USZA300015,USZA300143,USZA300149,USZA300244,USZA300347,USZA300363,USZA300404,USZA300676,USZA300683,USZA300725,USZA300759,USZA301060,USZA301096,USZA301103,USZA301201,USZA301230,USZA301235,USZA301239,USZA301257,USZA301267,USZA301293,USZA301333,USZA301509,USZA301520,USHA600257,USHA600327,USHT600568,USHA600721,USHA600763,USHA603127,USHA603259,USHA603456,USHA603882,USHA688046,USHA688073,USHA688131,USHA688202,USHA688222,USHA688238,USHA688265,USHA688293,USHA688315,USHA688621,USHA688710,USHA688796,USTM920670"
URFI881144,医疗器械,142,"USZA002022,USZA002030,USZA002223,USZA002382,USZA002432,USZA002551,USZA002817,USZA002901,USZA002932,USZA002950,USZA300003,USZA300030,USZA300049,USZA300171,USZA300206,USZA300238,USZA300246,USZA300289,USZA300298,USZA300314,USZA300326,USZA300341,USZA300358,USZA300396,USZA300406,USZA300430,USZA300439,USZA300453,USZA300463,USZA300482,USZA300529,USZA300562,USZA300595,USZA300633,USZA300639,USZA300642,USZA300653,USZA300677,USZA300685,USZA300753,USZA300760,USZA300832,USZA300869,USZA300942,USZA300981,USZA301033,USZA301087,USZA301093,USZA301097,USZA301122,USZA301188,USZA301234,USZA301290,USZA301363,USZA301367,USZA301515,USZA301580,USZA301602,USHA600055,USHA600529,USHA600538,USHA600587,USHA600645,USHA600807,USHA603014,USHA603205,USHA603222,USHA603301,USHA603309,USHA603387,USHA603392,USHA603658,USHT603718,USHA603880,USHA603976,USHA603987,USHA605369,USHA688013,USHA688016,USHA688026,USHA688029,USHA688050,USHA688067,USHA688068,USHA688075,USHA688085,USHA688108,USHA688114,USHA688139,USHA688151,USHA688161,USHA688193,USHA688198,USHA688212,USHA688217,USHA688236,USHA688253,USHA688271,USHA688273,USHA688277,USHA688289,USHA688298,USHA688301,USHA688314,USHA688317,USHA688338,USHA688351,USHA688358,USHA688366,USHA688389,USHA688393,USHA688399,USHA688410,USHA688426,USHA688468,USHA688575,USHA688576,USHA688580,USHA688581,USHA688606,USHA688607,USHA688613,USHA688617,USHA688626,USHA688656,USHA688677,USHA688712,USHA688767,USHA688805,USTM920009,USTM920050,USTM920069,USTM920072,USTM920166,USTM920180,USTM920201,USTM920268,USTM920278,USTM920300,USTM920504,USTM920925,USTM920992"
URFI881143,医药商业,32,"USZA000028,USZA000078,USZA000411,USZA000705,USZA000950,USZA002462,USZA002589,USZA002727,USZA002788,USZA300937,USZA301015,USZA301017,USZA301126,USZA301370,USZA301408,USZA301584,USHA600056,USHA600272,USHA600511,USHA600713,USHA600829,USHA600833,USHA600998,USHA601607,USHA603108,USHA603122,USHA603233,USHA603368,USHA603716,USHA603883,USHA603939,USHA605266"
URFI881155,银行,42,"USZA000001,USZA001227,USZA002142,USZA002807,USZA002839,USZA002936,USZA002948,USZA002958,USZA002966,USHA600000,USHA600015,USHA600016,USHA600036,USHA600908,USHA600919,USHA600926,USHA600928,USHA601009,USHA601077,USHA601128,USHA601166,USHA601169,USHA601187,USHA601229,USHA601288,USHA601328,USHA601398,USHA601528,USHA601577,USHA601658,USHA601665,USHA601818,USHA601825,USHA601838,USHA601860,USHA601916,USHA601939,USHA601963,USHA601988,USHA601997,USHA601998,USHA603323"
URFI881133,饮料制造,47,"USZA000523,USZA000729,USZA000752,USZA000848,USZA000869,USZA000929,USZA001318,USZA002329,USZA002461,USZA002568,USZA002570,USZA002732,USZA002910,USZA002946,USZA300106,USZA300892,USZA300898,USZA300915,USZA300997,USHA600059,USHT600084,USHA600132,USHA600189,USHT600238,USHA600300,USHA600358,USHA600419,USHA600429,USHT600543,USHA600573,USHA600597,USHA600600,USHA600616,USHA600882,USHA600887,USHA600962,USHA601579,USHA603156,USHA603711,USHA603779,USHA605179,USHA605198,USHA605300,USHA605337,USHA605388,USHA605499,USTM920786"
URFI881274,影视院线,20,"USZA000802,USZA000892,USZA001330,USZA002292,USZA002343,USZA002739,USZA002905,USZA300027,USZA300133,USZA300182,USZA300251,USZA300291,USZA300426,USZA300528,USHA600088,USHA600715,USHA600977,USHA601595,USHA603103,USHA603721"
URFI881107,油气开采及服务,19,"USZA000968,USZA002207,USZA002554,USZA002828,USZA300164,USZA300191,USZA300483,USHA600339,USHA600583,USHT600759,USHA600777,USHA600871,USHA600938,USHA600968,USHA601808,USHA603393,USHA603619,USHA603727,USTM920088"
URFI881275,游戏,23,"USZA002174,USZA002425,USZA002517,USZA002555,USZA002558,USZA002602,USZA002605,USZA002624,USZA002919,USZA300002,USZA300031,USZA300043,USZA300052,USZA300299,USZA300315,USZA300459,USZA300467,USZA300494,USZA300533,USHA600633,USHA600892,USHA603258,USHA603444"
URFI881270,元件,63,"USZA000636,USZA000823,USZA001232,USZA001389,USZA002134,USZA002138,USZA002141,USZA002199,USZA002384,USZA002436,USZA002463,USZA002484,USZA002552,USZA002579,USZA002636,USZA002815,USZA002913,USZA002916,USZA002938,USZA300319,USZA300408,USZA300460,USZA300476,USZA300657,USZA300739,USZA300814,USZA300852,USZA300903,USZA300936,USZA300964,USZA301041,USZA301132,USZA301176,USZA301251,USZA301282,USZA301366,USZA301458,USZA301566,USZA301628,USHA600183,USHA600237,USHA600563,USHA600601,USHA603175,USHA603186,USHA603228,USHA603328,USHA603386,USHA603459,USHA603738,USHA603920,USHA603936,USHA603989,USHA605058,USHA605258,USHA688183,USHA688519,USHA688655,USTM920060,USTM920128,USTM920641,USTM920821,USTM920981"
URFI881137,造纸,24,"USZA000488,USZA002012,USZA002067,USZA002078,USZA002235,USZA002521,USZA301469,USHA600103,USHA600235,USHA600308,USHA600356,USHA600433,USHA600567,USHA600793,USHA600963,USHA600966,USHA603165,USHA603284,USHA603733,USHA603863,USHA605007,USHA605377,USHA605500,USTM920394"
URFI881157,证券,50,"USZA000166,USZA000686,USZA000712,USZA000728,USZA000750,USZA000776,USZA000783,USZA002500,USZA002670,USZA002673,USZA002736,USZA002797,USZA002926,USZA002939,USZA002945,USZA300059,USHA600030,USHA600061,USHA600095,USHA600109,USHA600155,USHA600369,USHA600621,USHA600864,USHA600906,USHA600909,USHA600918,USHA600958,USHA600999,USHA601059,USHA601066,USHA601099,USHA601108,USHA601136,USHA601162,USHA601198,USHA601211,USHA601236,USHA601375,USHA601377,USHA601456,USHA601555,USHA601688,USHA601696,USHA601788,USHA601878,USHA601881,USHA601901,USHA601990,USHA601995"
URFI881141,中药,68,"USZA000423,USZA000538,USZA000590,USZA000623,USZA000650,USZA000790,USZA000989,USZA000999,USZA002082,USZA002107,USZA002198,USZA002275,USZA002287,USZA002317,USZA002349,USZA002390,USZA002412,USZA002424,USZA002566,USZA002603,USZA002644,USZA002728,USZA002737,USZA002864,USZA002873,USZA002907,USZA300026,USZA300039,USZA300147,USZA300158,USZA300181,USZA300519,USZA300534,USZA300878,USZA301111,USZA301331,USHT600080,USHA600085,USHA600129,USHA600222,USHA600252,USHA600285,USHA600329,USHA600332,USHA600351,USHA600422,USHA600436,USHA600479,USHA600518,USHA600535,USHA600557,USHA600566,USHA600572,USHA600594,USHA600671,USHA600750,USHA600771,USHA600976,USHA600993,USHA603139,USHA603439,USHA603567,USHA603858,USHA603896,USHA603998,USHT605199,USTM920266,USTM920433"
URFI881118,专用设备,204,"USZA000852,USZA000856,USZA001225,USZA001256,USZA001277,USZA001288,USZA001332,USZA001360,USZA001395,USZA001400,USZA002006,USZA002009,USZA002021,USZA002031,USZA002073,USZA002204,USZA002209,USZA002278,USZA002337,USZA002353,USZA002367,USZA002483,USZA002490,USZA002523,USZA002526,USZA002529,USZA002535,USZA002564,USZA002595,USZA002611,USZA002613,USZA002689,USZA002690,USZA002691,USZA002722,USZA002730,USZA002757,USZA002774,USZA002779,USZA002786,USZA002816,USZA002833,USZA002837,USZA002890,USZA002960,USZA003036,USZA300004,USZA300084,USZA300092,USZA300095,USZA300099,USZA300103,USZA300151,USZA300159,USZA300195,USZA300210,USZA300275,USZA300281,USZA300293,USZA300307,USZA300382,USZA300411,USZA300412,USZA300415,USZA300435,USZA300471,USZA300472,USZA300480,USZA300499,USZA300509,USZA300512,USZA300521,USZA300540,USZA300549,USZA300669,USZA300756,USZA300813,USZA300818,USZA300823,USZA300833,USZA300836,USZA300837,USZA300865,USZA300879,USZA300902,USZA300931,USZA300950,USZA300971,USZA300988,USZA301013,USZA301053,USZA301056,USZA301063,USZA301105,USZA301128,USZA301138,USZA301158,USZA301260,USZA301338,USZA301392,USZA301468,USZA301533,USZA301598,USZA301601,USHT600169,USHA600262,USHT600302,USHA600320,USHA600397,USHA600444,USHA600501,USHA600520,USHA600545,USHA600560,USHA600579,USHA600582,USHA600615,USHA600835,USHA600843,USHA600894,USHA600980,USHA601038,USHA601091,USHA601106,USHA601369,USHA601399,USHA601608,USHA601717,USHA601798,USHA603011,USHA603012,USHA603029,USHA603036,USHA603076,USHA603081,USHA603095,USHA603135,USHA603159,USHA603169,USHA603173,USHA603289,USHA603321,USHA603325,USHA603337,USHA603356,USHA603391,USHA603656,USHA603698,USHT603789,USHA603800,USHA603855,USHA603895,USHA603901,USHA603956,USHA603966,USHA605259,USHA605286,USHA688001,USHT688022,USHA688071,USHA688092,USHA688113,USHT688121,USHA688128,USHA688162,USHA688377,USHA688383,USHA688419,USHA688420,USHA688529,USHA688531,USHA688596,USHA688627,USHA688630,USHA688633,USHA688700,USHA688755,USHA688789,USHA688813,USTM920014,USTM920025,USTM920026,USTM920061,USTM920080,USTM920091,USTM920093,USTM920112,USTM920126,USTM920156,USTM920158,USTM920177,USTM920229,USTM920284,USTM920298,USTM920475,USTM920553,USTM920608,USTM920703,USTM920717,USTM920781,USTM920810,USTM920856,USTM920895,USTM920931"
URFI881171,自动化设备,99,"USZA000988,USZA001223,USZA001266,USZA002008,USZA002184,USZA002334,USZA002527,USZA002698,USZA002747,USZA002957,USZA002975,USZA002979,USZA300024,USZA300048,USZA300097,USZA300124,USZA300220,USZA300227,USZA300276,USZA300278,USZA300400,USZA300461,USZA300484,USZA300486,USZA300607,USZA300747,USZA300757,USZA300802,USZA300853,USZA301021,USZA301029,USZA301112,USZA301199,USZA301200,USZA301312,USZA301320,USZA301360,USZA301418,USZA301510,USZA301512,USZA301568,USZA301633,USHA600215,USHA603015,USHA603025,USHA603203,USHA603275,USHA603283,USHA603416,USHA603583,USHA603666,USHA603933,USHA605186,USHA605288,USHA688003,USHA688017,USHA688025,USHA688090,USHA688097,USHA688125,USHA688160,USHA688165,USHA688170,USHA688188,USHA688215,USHA688218,USHA688255,USHA688290,USHA688306,USHA688310,USHA688312,USHA688320,USHA688329,USHA688395,USHA688400,USHA688518,USHA688559,USHA688570,USHA688623,USHA688646,USHA688686,USHA688698,USHA688777,USHA688816,USHA688826,USHA688835,USHA688836,USTM920096,USTM920125,USTM920178,USTM920211,USTM920260,USTM920396,USTM920405,USTM920425,USTM920578,USTM920579,USTM920593,USTM920885"
URFI881165,综合,18,"USZA000025,USZA000421,USZA000632,USZA000652,USZA000753,USZA002316,USZA002420,USZA002575,USHA600051,USHA600089,USHA600458,USHA600620,USHA600673,USHA600682,USHA600689,USHA600770,USHA600805,USHA600881"
